{"cameraMode":{"drawMode":0,"name":"Shaded","section":"Shading Mode"},"sceneLighting":true,"audioPlay":false,"sceneViewState":{"showFog":true,"showMaterialUpdate":true,"showSkybox":true,"showFlares":true,"showImageEffects":true,"showParticleSystems":true},"in2DMode":false,"pivot":{"x":-10.719581604003907,"y":40.0340690612793,"z":-8.015613555908204},"rotation":{"x":0.28336548805236819,"y":0.2026471346616745,"z":-0.06095489487051964,"w":0.9356061220169067},"size":18.449975967407228,"orthographic":false}