{"cameraMode":{"drawMode":0,"name":"Shaded","section":"Shading Mode"},"sceneLighting":true,"audioPlay":false,"sceneViewState":{"showFog":true,"showMaterialUpdate":true,"showSkybox":true,"showFlares":true,"showImageEffects":true,"showParticleSystems":true},"in2DMode":false,"pivot":{"x":-6010.76611328125,"y":-777.7352905273438,"z":1601.0289306640625},"rotation":{"x":-0.3777294456958771,"y":-0.07845497876405716,"z":0.032196249812841418,"w":-0.9220564365386963},"size":80114.4375,"orthographic":false}