{"cameraMode":{"drawMode":0,"name":"Shaded","section":"Shading Mode"},"sceneLighting":false,"audioPlay":false,"sceneViewState":{"showFog":true,"showMaterialUpdate":true,"showSkybox":false,"showFlares":true,"showImageEffects":true,"showParticleSystems":true},"in2DMode":false,"pivot":{"x":-1.7282614707946778,"y":1.4375035762786866,"z":-3.07759428024292},"rotation":{"x":0.21509011089801789,"y":-0.783588707447052,"z":0.38280272483825686,"w":0.43993493914604189},"size":1.1040434837341309,"orthographic":false}