{"cameraMode":{"drawMode":0,"name":"Shaded","section":"Shading Mode"},"sceneLighting":true,"audioPlay":false,"sceneViewState":{"showFog":true,"showMaterialUpdate":true,"showSkybox":true,"showFlares":true,"showImageEffects":true,"showParticleSystems":true},"in2DMode":false,"pivot":{"x":9.843809127807618,"y":-29.1013240814209,"z":14.25459098815918},"rotation":{"x":0.17673848569393159,"y":-0.7874666452407837,"z":0.2618247866630554,"w":0.5298060178756714},"size":5.1046271324157719,"orthographic":false}