{"cameraMode":{"drawMode":0,"name":"Shaded","section":"Shading Mode"},"sceneLighting":true,"audioPlay":false,"sceneViewState":{"showFog":true,"showMaterialUpdate":true,"showSkybox":true,"showFlares":true,"showImageEffects":true,"showParticleSystems":true},"in2DMode":false,"pivot":{"x":-4.582612037658691,"y":-3.8054845333099367,"z":-1.6231656074523926},"rotation":{"x":0.3183809220790863,"y":-0.30048057436943056,"z":0.10660012811422348,"w":0.8930637240409851},"size":5.1046271324157719,"orthographic":false}