{"cameraMode":{"drawMode":0,"name":"Shaded","section":"Shading Mode"},"sceneLighting":false,"audioPlay":false,"sceneViewState":{"showFog":true,"showMaterialUpdate":true,"showSkybox":false,"showFlares":true,"showImageEffects":true,"showParticleSystems":true},"in2DMode":false,"pivot":{"x":-2.241866111755371,"y":1.287189245223999,"z":-3.2243218421936037},"rotation":{"x":-0.11407995223999024,"y":0.8848667144775391,"z":-0.3422040641307831,"w":-0.2951165735721588},"size":0.8388964533805847,"orthographic":false}