{"cameraMode":{"drawMode":0,"name":"Shaded","section":"Shading Mode"},"sceneLighting":true,"audioPlay":false,"sceneViewState":{"showFog":true,"showMaterialUpdate":true,"showSkybox":true,"showFlares":true,"showImageEffects":true,"showParticleSystems":true},"in2DMode":false,"pivot":{"x":48.4526252746582,"y":199.58738708496095,"z":577.8897094726563},"rotation":{"x":0.02366337552666664,"y":-0.045874129980802539,"z":-0.0010867532109841705,"w":-0.9986674785614014},"size":829.455810546875,"orthographic":false}