{"cameraMode":{"drawMode":0,"name":"Shaded","section":"Shading Mode"},"sceneLighting":false,"audioPlay":false,"sceneViewState":{"showFog":true,"showMaterialUpdate":true,"showSkybox":false,"showFlares":true,"showImageEffects":true,"showParticleSystems":true},"in2DMode":false,"pivot":{"x":-4.9354095458984379,"y":-14.241293907165528,"z":7.727363586425781},"rotation":{"x":-0.15239740908145905,"y":0.7332407832145691,"z":-0.17289328575134278,"w":-0.6401129961013794},"size":44.07085037231445,"orthographic":false}