{"cameraMode":{"drawMode":0,"name":"Shaded","section":"Shading Mode"},"sceneLighting":false,"audioPlay":false,"sceneViewState":{"showFog":true,"showMaterialUpdate":true,"showSkybox":false,"showFlares":true,"showImageEffects":true,"showParticleSystems":true},"in2DMode":false,"pivot":{"x":-10.624760627746582,"y":6.469944000244141,"z":23.55206298828125},"rotation":{"x":0.02776757813990116,"y":0.970387876033783,"z":-0.14507196843624116,"w":0.1927422285079956},"size":84.27108001708985,"orthographic":false}