{"cameraMode":{"drawMode":0,"name":"Shaded","section":"Shading Mode"},"sceneLighting":true,"audioPlay":false,"sceneViewState":{"showFog":true,"showMaterialUpdate":true,"showSkybox":true,"showFlares":true,"showImageEffects":true,"showParticleSystems":true},"in2DMode":false,"pivot":{"x":-20.580638885498048,"y":-0.15535758435726167,"z":-4.125214099884033},"rotation":{"x":0.3183809220790863,"y":-0.30048057436943056,"z":0.10660012811422348,"w":0.8930637240409851},"size":32.405948638916019,"orthographic":false}