{"cameraMode":{"drawMode":0,"name":"Shaded","section":"Shading Mode"},"sceneLighting":true,"audioPlay":false,"sceneViewState":{"showFog":true,"showMaterialUpdate":true,"showSkybox":true,"showFlares":true,"showImageEffects":true,"showParticleSystems":true},"in2DMode":false,"pivot":{"x":16.722129821777345,"y":-23.431020736694337,"z":12.124866485595704},"rotation":{"x":-0.3497246205806732,"y":-0.1423882693052292,"z":0.05328002944588661,"w":-0.9246827960014343},"size":15.219339370727539,"orthographic":false}