{"cameraMode":{"drawMode":0,"name":"Shaded","section":"Shading Mode"},"sceneLighting":false,"audioPlay":false,"sceneViewState":{"showFog":true,"showMaterialUpdate":true,"showSkybox":false,"showFlares":true,"showImageEffects":true,"showParticleSystems":true},"in2DMode":false,"pivot":{"x":-0.339665025472641,"y":0.3570360541343689,"z":-0.3502810299396515},"rotation":{"x":0.1988733410835266,"y":-0.7278551459312439,"z":0.23644857108592988,"w":0.6121887564659119},"size":6.345235347747803,"orthographic":false}