{"cameraMode":{"drawMode":0,"name":"Shaded","section":"Shading Mode"},"sceneLighting":false,"audioPlay":false,"sceneViewState":{"showFog":true,"showMaterialUpdate":true,"showSkybox":false,"showFlares":true,"showImageEffects":true,"showParticleSystems":true},"in2DMode":false,"pivot":{"x":-0.516078531742096,"y":0.27473214268684389,"z":-0.1660434901714325},"rotation":{"x":0.04990556836128235,"y":0.9328168630599976,"z":-0.14530694484710694,"w":0.32690122723579409},"size":1.8303523063659669,"orthographic":false}