{"cameraMode":{"drawMode":0,"name":"Shaded","section":"Shading Mode"},"sceneLighting":true,"audioPlay":false,"sceneViewState":{"showFog":true,"showMaterialUpdate":true,"showSkybox":true,"showFlares":true,"showImageEffects":true,"showParticleSystems":true},"in2DMode":false,"pivot":{"x":-51.219539642333987,"y":-18.394590377807618,"z":40.46527862548828},"rotation":{"x":-0.22823204100131989,"y":0.6959093809127808,"z":-0.2500923275947571,"w":-0.633770227432251},"size":51.98802947998047,"orthographic":false}