{"cameraMode":{"drawMode":0,"name":"Shaded","section":"Shading Mode"},"sceneLighting":false,"audioPlay":false,"sceneViewState":{"showFog":true,"showMaterialUpdate":true,"showSkybox":false,"showFlares":true,"showImageEffects":true,"showParticleSystems":true},"in2DMode":false,"pivot":{"x":-0.8926832675933838,"y":42.96528625488281,"z":-63.8671989440918},"rotation":{"x":-0.030189555138349534,"y":0.9555559754371643,"z":-0.27643004059791567,"w":-0.10098288953304291},"size":212.01992797851563,"orthographic":false}