{"cameraMode":{"drawMode":0,"name":"Shaded","section":"Shading Mode"},"sceneLighting":false,"audioPlay":false,"sceneViewState":{"showFog":true,"showMaterialUpdate":true,"showSkybox":false,"showFlares":true,"showImageEffects":true,"showParticleSystems":true},"in2DMode":false,"pivot":{"x":-19.17103385925293,"y":-14.83592414855957,"z":12.577604293823243},"rotation":{"x":0.1837352067232132,"y":-0.39817458391189577,"z":0.08185587078332901,"w":0.8951184153556824},"size":47.701683044433597,"orthographic":false}