{"cameraMode":{"drawMode":0,"name":"Shaded","section":"Shading Mode"},"sceneLighting":false,"audioPlay":false,"sceneViewState":{"showFog":true,"showMaterialUpdate":true,"showSkybox":false,"showFlares":true,"showImageEffects":true,"showParticleSystems":true},"in2DMode":false,"pivot":{"x":-1.0539178848266602,"y":-16.60561752319336,"z":16.50623321533203},"rotation":{"x":0.23052267730236054,"y":0.4344977140426636,"z":-0.11942250281572342,"w":0.8629482388496399},"size":47.31291961669922,"orthographic":false}