{"cameraMode":{"drawMode":0,"name":"Shaded","section":"Shading Mode"},"sceneLighting":false,"audioPlay":false,"sceneViewState":{"showFog":true,"showMaterialUpdate":true,"showSkybox":false,"showFlares":true,"showImageEffects":true,"showParticleSystems":true},"in2DMode":false,"pivot":{"x":-1.810081958770752,"y":1.699530839920044,"z":-3.5899295806884767},"rotation":{"x":-0.00016769664944149554,"y":0.9755588173866272,"z":-0.22020304203033448,"w":-0.0008829483995214105},"size":1.3334290981292725,"orthographic":false}