{"cameraMode":{"drawMode":0,"name":"Shaded","section":"Shading Mode"},"sceneLighting":true,"audioPlay":false,"sceneViewState":{"showFog":true,"showMaterialUpdate":true,"showSkybox":true,"showFlares":true,"showImageEffects":true,"showParticleSystems":true},"in2DMode":false,"pivot":{"x":130.5849609375,"y":1115.041015625,"z":1843.3404541015625},"rotation":{"x":-0.3777294456958771,"y":-0.07845497876405716,"z":0.032196249812841418,"w":-0.9220564365386963},"size":40809.359375,"orthographic":true}