{"cameraMode":{"drawMode":0,"name":"Shaded","section":"Shading Mode"},"sceneLighting":false,"audioPlay":false,"sceneViewState":{"showFog":true,"showMaterialUpdate":true,"showSkybox":false,"showFlares":true,"showImageEffects":true,"showParticleSystems":true},"in2DMode":false,"pivot":{"x":-0.0025021005421876909,"y":-0.03279285132884979,"z":0.006881071254611015},"rotation":{"x":-0.1516885906457901,"y":0.7550961971282959,"z":-0.18244439363479615,"w":-0.6121169328689575},"size":0.33242347836494448,"orthographic":false}